{"cameraMode":{"drawMode":0,"name":"Shaded","section":"Shading Mode"},"sceneLighting":true,"audioPlay":false,"sceneViewState":{"m_AlwaysRefresh":false,"showFog":true,"showSkybox":true,"showFlares":true,"showImageEffects":true,"showParticleSystems":true,"showVisualEffectGraphs":true,"m_FxEnabled":true},"in2DMode":false,"pivot":{"x":20.975234985351564,"y":17.257198333740236,"z":6.978667259216309},"rotation":{"x":-0.03585975989699364,"y":0.9578971266746521,"z":-0.13773439824581147,"w":-0.24938900768756867},"size":14.39034366607666,"orthographic":false}